barcode,in_tissue,array_row,array_col,pxl_row_in_fullres,pxl_col_in_fullres
AAGAGCTCTTTATCGG-1,1,35,77,6089,5942
AAACGAGACGGTTGAT-1,1,35,79,6090,5805
GCTAAGTAGTTTCTCT-1,1,34,80,5970,5736
ATAACGCCGGAGGGTC-1,1,35,81,6090,5668
GGATCCGGAATATACT-1,1,34,82,5971,5599
TGAAAGGACCTGACTC-1,1,35,83,6090,5530
TCCGCGGCAGCATCTG-1,1,34,84,5971,5461
TGCATATGTCTGTCAC-1,1,35,85,6091,5393
TGTAGGAGAAATTTCC-1,1,34,86,5972,5324
AGTGAGACTTCCAGTA-1,1,35,87,6091,5256
GCTTATGAAGCAGGAA-1,1,35,89,6092,5119
CCACCCAAGGAAAGTG-1,1,37,75,6327,6080
CCGCACAAAGACCAAC-1,1,36,76,6208,6011
GCGATTGTTAACGTTA-1,1,37,77,6328,5943
ACTCGTCAGTAATCCC-1,1,36,78,6209,5874
GGTGATAAGGAGCAGT-1,1,37,79,6328,5806
AAGAGGCATGGATCGC-1,1,36,80,6209,5737
CACGTTCGTGCTCTAG-1,1,37,81,6329,5668
CTATTTGGTTACGGAT-1,1,36,82,6210,5599
GTACAGAGGCAAGGGT-1,1,37,83,6329,5531
GGGCCGGCCGAAGTAC-1,1,36,84,6210,5462
CCTGAACGATATATTC-1,1,37,85,6330,5394
CCGGGCTGCTCCATAC-1,1,36,86,6211,5325
TACTTGTTAGTAGTCC-1,1,37,87,6330,5257
CCTAGGCGTAGCGATC-1,1,36,88,6211,5188
CTGGCGCACAGGTCTG-1,1,37,89,6331,5119
ACTTATACTTACCCGG-1,1,36,90,6212,5050
GAAGTCTCCCTAGCGA-1,1,37,91,6331,4982
CGAGTTTATCGGACTG-1,1,37,93,6332,4845
TCTTCGAATAGACGTT-1,1,39,71,6565,6355
GATCCGGGAATTAACA-1,1,39,73,6566,6218
TTATATACGCTGTCAC-1,1,38,74,6447,6149
GTCGCGTAACCCGTTG-1,1,39,75,6566,6081
AGCTCTAGACGTTCCA-1,1,38,76,6447,6012
GTCAAGCGGACTCGGG-1,1,39,77,6567,5944
CGAGGGACTGCGGTCG-1,1,38,78,6448,5875
AATCGCCTCAGCGCCA-1,1,39,79,6567,5806
CTTGTTGCTGAGTCAA-1,1,38,80,6448,5737
GATATGAGACACTAAC-1,1,39,81,6568,5669
TTATGATCTTAACGAA-1,1,38,82,6448,5600
CGCCGCCCATGCCTGT-1,1,39,83,6568,5532
CTGGGATAAATAATGG-1,1,38,84,6449,5463
GTGCCCGTTCGGATTC-1,1,39,85,6569,5395
TTCAATACTCTGAATC-1,1,38,86,6449,5326
CGCACATGTCCACTAC-1,1,39,87,6569,5257
AGAAGAGCGCCGTTCC-1,1,38,88,6450,5188
GATAACTCGCACTGTG-1,1,39,89,6570,5120
AGTCGACGGTCTCAAG-1,1,38,90,6450,5051
GTGACCGCACACTACG-1,1,39,91,6570,4983
GTATGTGGGTCTAGTT-1,1,38,92,6451,4914
CTTGAGTTAGGGTAAT-1,1,39,93,6570,4846
TTAGCTGATTTGCCGT-1,1,38,94,6451,4777
GATTCGACGGTTCACG-1,1,41,71,6804,6356
GTTTCTGCAGTCTCCC-1,1,40,72,6685,6287
GCTGCACGGTTTCTTA-1,1,41,73,6805,6219
CGTGCAGACTGGGACA-1,1,40,74,6685,6150
GTGTTACTATGCGTCC-1,1,41,75,6805,6082
TCCTCGGGCTGGGCTT-1,1,40,76,6686,6013
GTGAGGACACTTAAGG-1,1,41,77,6806,5944
ATACGCCGGCGAAACC-1,1,40,78,6686,5875
TCTGCCAGAAACTGCA-1,1,41,79,6806,5807
TTCTGCGGGTTAGCGG-1,1,40,80,6687,5738
CTCGGTACCACTGCTC-1,1,41,81,6806,5670
GTAAGTAACAGTCTGG-1,1,40,82,6687,5601
GTGCGTGTATATGAGC-1,1,41,83,6807,5533
ATTTGTCTTGGGAGCT-1,1,40,84,6688,5464
CCTCGGACCGGGATAG-1,1,41,85,6807,5395
TAGGTGCTCGCCTAGC-1,1,40,86,6688,5326
CTTTAGGAACACTGTT-1,1,41,87,6808,5258
TCGGGCCGTCGTGGTA-1,1,40,88,6689,5189
AGTGCTTGCACGAATA-1,1,41,89,6808,5121
TGCAGTTTCCTCCCAT-1,1,40,90,6689,5052
TGAGAGATTTACCACG-1,1,41,91,6809,4984
GAAACAGATGACCACC-1,1,40,92,6690,4915
AGCAACATATCTTATT-1,1,41,93,6809,4846
CAAGTGTGGTTGCAAA-1,1,40,94,6690,4777
GCCTCATCTGGAAATA-1,1,41,95,6810,4709
GGAGACGACACCTTTG-1,1,43,67,7042,6632
CCTAAATTAACGGTTC-1,1,42,68,6923,6563
GCTACGACTTATTGGG-1,1,43,69,7043,6494
CTGTGCAGGGTAGGTC-1,1,42,70,6923,6425
ACGCCGCTAGACGACC-1,1,43,71,7043,6357
ACTTGACTCCCTCTTT-1,1,42,72,6924,6288
CGCCTCCCTCCTCTAT-1,1,43,73,7043,6220
CTAGATTTACGACGGC-1,1,42,74,6924,6151
GATGCTGTATTTCATC-1,1,43,75,7044,6083
TGCGTTTGTTGACACT-1,1,42,76,6925,6014
CGTGCCCTCCCGAAGA-1,1,43,77,7044,5945
ACTCTCTGACTTAGGT-1,1,42,78,6925,5876
CTGGGTAGGCAGTTAA-1,1,43,79,7045,5808
GTTTGGCCCAAGTTAT-1,1,42,80,6926,5739
GAATGTGGTCCGGATT-1,1,43,81,7045,5671
CCCAGTTAAGGCGCCG-1,1,42,82,6926,5602
CGGTACTAGAATCAAA-1,1,43,83,7046,5534
GCTTAATGTAACTAAC-1,1,42,84,6927,5465
AGGACAGTCGAATCCC-1,1,43,85,7046,5396
GACAGCCAGACCTGAC-1,1,42,86,6927,5327
GGCGAAATCTAACTTG-1,1,43,87,7047,5259
CTGGTAACACATAGAA-1,1,42,88,6928,5190
TAGCCATTTCAAAGTC-1,1,43,89,7047,5122
GGGATTTACCGCACCT-1,1,42,90,6928,5053
ATGCCATTTGCGACCA-1,1,43,91,7048,4985
GAATAGACGCGACCCA-1,1,42,92,6928,4915
TGTATGGCGCAGACAG-1,1,43,93,7048,4847
GGATGAAGATCGCTGA-1,1,42,94,6929,4778
CGACAATTTGATCTAA-1,1,43,95,7049,4710
CGGGAATTTATGTAAA-1,1,45,65,7280,6770
TACGACTGCCTCTTAG-1,1,44,66,7161,6701
AAACTGCTGGCTCCAA-1,1,45,67,7281,6632
GTACGTTTGCCCGTCA-1,1,44,68,7162,6563
GGCAAGGCGAAATAGC-1,1,45,69,7281,6495
GATCTTGGAGGGCATA-1,1,44,70,7162,6426
AGCGTGGTATTCTACT-1,1,45,71,7282,6358
CTAAGGGAATGATTGG-1,1,44,72,7163,6289
CATGGTAAGTAGCGTT-1,1,45,73,7282,6221
CGTTGAGCGACCGTCG-1,1,44,74,7163,6152
TGCCCGTACCGTTAAA-1,1,45,75,7283,6083
ACAAGGGCAGGCTCTG-1,1,44,76,7164,6014
GAGATCTTCCATGACA-1,1,45,77,7283,5946
AATGACGTAGGATGTC-1,1,44,78,7164,5877
GTGGTGGCCAAGTGAA-1,1,45,79,7284,5809
TCCCGTGTGCAATTTG-1,1,44,80,7164,5740
ACATCGTATGCAATGG-1,1,45,81,7284,5672
GCGAAACTTAACTGGA-1,1,44,82,7165,5603
AATTGAACGCTCTGGT-1,1,45,83,7285,5534
ACAAATGGTAGTGTTT-1,1,44,84,7165,5465
ATGGTCGCGTGGTTTC-1,1,45,85,7285,5397
TGTTATTGTATGTGGC-1,1,44,86,7166,5328
TTCCGGTTACCCACTT-1,1,45,87,7286,5260
GAGTGTGCGGTACCCA-1,1,44,88,7166,5191
CAAGATATTATAACGT-1,1,45,89,7286,5123
ACACACCAGGACCAGT-1,1,44,90,7167,5054
ATGGGCCTCGGCCTCT-1,1,45,91,7286,4985
AAGGTGATAAACCAGC-1,1,44,92,7167,4916
TCTTACTTATGCCTCT-1,1,45,93,7287,4848
AAAGTGTGATTTATCT-1,1,44,94,7168,4779
ATAATAGCTGTTGAAT-1,1,47,63,7519,6908
TTCCGCGTGAGGCGAT-1,1,46,64,7400,6839
TACCGGCTCACTGCCC-1,1,47,65,7519,6770
GTATCTTTCATAACCA-1,1,46,66,7400,6701
GTTACCTACAACTTGC-1,1,47,67,7520,6633
TGACTATAATCCTTTC-1,1,46,68,7401,6564
AAATACCTATAAGCAT-1,1,47,69,7520,6496
TTATTAGAGCGTGTTC-1,1,46,70,7401,6427
ATGTGGACATCTTGAT-1,1,47,71,7521,6359
GTACGCTTCATTGCAC-1,1,46,72,7401,6290
CACATATTAGCAGGAT-1,1,47,73,7521,6221
CAAGAGGGCGGAGTAC-1,1,46,74,7402,6152
TCGCAAAGATGCATTT-1,1,47,75,7522,6084
GTCGTTATTCGCTTAT-1,1,46,76,7402,6015
TCGTGTACTATGGATG-1,1,47,77,7522,5947
GCGGAGAGGGAGAACG-1,1,46,78,7403,5878
TCACAGGGAATCGCAA-1,1,47,79,7522,5810
GACTGCACCAGCCCAG-1,1,46,80,7403,5741
TCCGCTGTCATCCCGG-1,1,47,81,7523,5672
AGATACTCAAGATCGA-1,1,46,82,7404,5603
ACTGAATGGCGAAAGT-1,1,47,83,7523,5535
TCCTACATCCACGGCC-1,1,46,84,7404,5466
TTCAGCCCTGGTCCAC-1,1,47,85,7524,5398
TTAGAGTTTAGAAGGA-1,1,46,86,7405,5329
GGTTAGCTATATGTCT-1,1,47,87,7524,5261
CTGGTTTCGAGCAAGA-1,1,46,88,7405,5192
TGGGCCCATACTAATT-1,1,47,89,7525,5123
ACTTATTTATGTGCCA-1,1,46,90,7406,5054
TTAGTTATTCGTGGCA-1,1,47,91,7525,4986
AACCGCTAAGGGATGC-1,1,46,92,7406,4917
ATACGTCCACTCCTGT-1,1,47,93,7526,4849
ACGCGAAGTCAGACGA-1,1,49,59,7757,7183
TGTTCGTATTGCGGTG-1,1,49,61,7757,7046
GGTCAGTGGGTCCCAC-1,1,48,62,7638,6977
AATTCTAGAGTTAGGC-1,1,49,63,7758,6908
GTTTACGTTCCATCTG-1,1,48,64,7638,6839
AGACCCACCGCTGATC-1,1,49,65,7758,6771
TCTAGCATGCCCAGAA-1,1,48,66,7639,6702
CCCGCAGCGCGAACTA-1,1,49,67,7759,6634
CTCTATTTGGCTGCAG-1,1,48,68,7639,6565
TTCTGCCGCGCCTAGA-1,1,49,69,7759,6497
ACTCCCTAGAATAGTA-1,1,48,70,7640,6428
CCGAACCTTCCCGGCC-1,1,49,71,7759,6359
TCAGACGCTATAGAAG-1,1,48,72,7640,6290
CAGGCGCCATGCTAGG-1,1,49,73,7760,6222
CACTCGAGCTGAACAA-1,1,48,74,7641,6153
ACAAGGAAATCCGCCC-1,1,49,75,7760,6085
ACCACGTGCAGCTATA-1,1,48,76,7641,6016
ACGGCGACGATGGGAA-1,1,49,77,7761,5948
TTACTAAAGGACTTTA-1,1,48,78,7642,5879
GGCTGAAATAGCAAAG-1,1,49,79,7761,5810
TTAGACGAGTCACCTC-1,1,48,80,7642,5741
GTAGTCGCGGGAATCA-1,1,49,81,7762,5673
GCAAACCCTACATTAT-1,1,48,82,7643,5604
GTTAAAGTAGGACTGG-1,1,49,83,7762,5536
ACCCTCCCTTGCTATT-1,1,48,84,7643,5467
CATGTCTCATTTATGG-1,1,49,85,7763,5399
AATAGAATCTGTTTCA-1,1,48,86,7644,5330
TCTCATGAGATAGGGT-1,1,49,87,7763,5261
ATGACTATGCGACATT-1,1,48,88,7644,5192
CCTAACCCAAACAAGT-1,1,49,89,7764,5124
AGTCAAGATGACACTT-1,1,48,90,7644,5055
CCACAGTACCCATCCT-1,1,48,92,7645,4918
TCCGGTTCGTCCGGTC-1,1,51,53,7994,7596
TGGCGATCAAGTTATG-1,1,51,55,7995,7458
CCCTTTGACAGGTCTT-1,1,50,56,7875,7389
CAGAGACGGTCACCCA-1,1,51,57,7995,7321
TAGCTCGCCTGATAAC-1,1,50,58,7876,7252
TTGTGTTTCCCGAAAG-1,1,51,59,7996,7184
TATACACAGACGCCTT-1,1,50,60,7876,7115
ACATTAGTTTATATCC-1,1,51,61,7996,7046
CCATCGCAGTTAAACT-1,1,50,62,7877,6977
AATTAGCGCTGCAGCG-1,1,51,63,7996,6909
TCCGCTTATCCCATTA-1,1,50,64,7877,6840
GTTTGGGCTTGTGAGC-1,1,51,65,7997,6772
CTTGTCAACATTCGAG-1,1,50,66,7878,6703
GGACCAACAGGATAAC-1,1,51,67,7997,6635
AAGCTAGATCGAGTAA-1,1,50,68,7878,6566
TACCGTGCCTCGGACC-1,1,51,69,7998,6497
GTAGCCAAACATGGGA-1,1,50,70,7879,6428
TGCCAGTACGTGGAGA-1,1,51,71,7998,6360
ATAAGGTGGAGAACAT-1,1,50,72,7879,6291
CTTTAATATTGGTCGA-1,1,51,73,7999,6223
TGGTTCAACGGGTAAT-1,1,50,74,7880,6154
GCTGCTACTGCGTAGC-1,1,51,75,7999,6086
CTGCACAACTACATAT-1,1,50,76,7880,6017
ATATTCCACATAGTGA-1,1,51,77,8000,5948
TGGCAAACTAAATTAC-1,1,50,78,7880,5879
ACCGCAATAACTGCCT-1,1,51,79,8000,5811
TCGCACCAGGAGGCAG-1,1,50,80,7881,5742
ACTTCAGGCTGATCCC-1,1,51,81,8001,5674
ACAAATCGCACCGAAT-1,1,50,82,7881,5605
TCTGATGTATTCTGTC-1,1,51,83,8001,5537
CTTTACCGAATAGTAG-1,1,50,84,7882,5468
GCAGATCCATAAGACT-1,1,51,85,8002,5399
TTCCTCGGACTAACCA-1,1,50,86,7882,5330
TTATCCGGGATCTATA-1,1,51,87,8002,5262
CTGGAAGACACGGTGG-1,1,50,88,7883,5193
GCCATCGAGCTGCGTG-1,1,53,47,8232,8008
ACCAACGCTTATTTAT-1,1,53,49,8232,7871
GACATCGATTTATAAC-1,1,52,50,8113,7802
CAGACACCGATCGCTG-1,1,53,51,8233,7734
CCAAGAAAGTGGGCGA-1,1,52,52,8113,7665
GGTAGACCGTTGGGCG-1,1,53,53,8233,7596
TCGTTAGGAGTCCCTA-1,1,52,54,8114,7527
ACGGCCAACATGGACT-1,1,53,55,8233,7459
GTGAGTGGTACAACGC-1,1,52,56,8114,7390
GAGACTTCGCGACCGA-1,1,53,57,8234,7322
GAAGTCAGTTGCACTA-1,1,52,58,8115,7253
GTTTGGTAGGGTCAAC-1,1,53,59,8234,7185
ACGGCACTTGCTTGGG-1,1,52,60,8115,7116
CCTCTGTACTATTCTA-1,1,53,61,8235,7047
CTATTCATGTGTCCCA-1,1,52,62,8116,6978
GCCCGATCTGTGGTCG-1,1,53,63,8235,6910
TTAGAAGAACATGACT-1,1,52,64,8116,6841
AGGATAAAGTCGGGAT-1,1,53,65,8236,6773
CGGCAAACATCGTGCG-1,1,52,66,8117,6704
CTAGTTACAACCCGGT-1,1,53,67,8236,6636
TTCGACAGAGCCCGTG-1,1,52,68,8117,6567
AAGCATACTCTCCTGA-1,1,53,69,8237,6498
GACGACGATCCGCGTT-1,1,52,70,8117,6429
GGTAGAAGACCGCCTG-1,1,53,71,8237,6361
GAGATGGGAGTCGACA-1,1,52,72,8118,6292
AACGATAATGCCGTAG-1,1,53,73,8238,6224
TGGTCCCACGCTACGG-1,1,52,74,8118,6155
CTGCTTGGCGATAGCT-1,1,53,75,8238,6087
ATCGGAGACAGACGGC-1,1,52,76,8119,6018
TAGCGTCCGGTGTGGT-1,1,53,77,8238,5949
GTTGAGTCCCGCCGGT-1,1,52,78,8119,5880
AAATAGGGTGCTATTG-1,1,53,79,8239,5812
AAGTGTTTGGAGACGG-1,1,52,80,8120,5743
AGCACTACCTCACCAG-1,1,53,81,8239,5675
TGCCTTGGCCAGGCAA-1,1,52,82,8120,5606
TCGTCTTAGGCGTTAA-1,1,53,83,8240,5538
TTCTGACCGGGCTCAA-1,1,52,84,8121,5468
CAGAACTTAGCCCTCT-1,1,53,85,8240,5400
AGCTCCTTCGCACATC-1,1,52,86,8121,5331
ACAGGCTTGCCCGACT-1,1,53,87,8241,5263
TGGCGACTGCTCCAAA-1,1,55,47,8470,8009
CAGAGGCGATGCATGA-1,1,54,48,8351,7940
TCACAGGAGAATAAGA-1,1,55,49,8471,7872
GGGTTAACATTTGAGT-1,1,54,50,8352,7803
GCGGGCGAGCCTTACC-1,1,55,51,8471,7734
TGCCAATGGGTACTCT-1,1,54,52,8352,7665
AGGGACTCTACGCGAC-1,1,55,53,8472,7597
GACGCCGTAAAGGCTA-1,1,54,54,8353,7528
AAAGGCTCTCGCGCCG-1,1,55,55,8472,7460
CTGGCTGGTTGTCAGT-1,1,54,56,8353,7391
ACATCCCGGCCATACG-1,1,55,57,8473,7323
CTCTTGTCCCGCTTGG-1,1,54,58,8354,7254
TACGCCTCCATTCCGA-1,1,55,59,8473,7185
CGGAGCAATTTAATCG-1,1,54,60,8354,7116
AACTAGGCTTGGGTGT-1,1,55,61,8474,7048
GCGTCGCCAGGGTGAT-1,1,54,62,8354,6979
GTTGGTCATGCTATCC-1,1,55,63,8474,6911
GCTGGCGGCGCATGCT-1,1,54,64,8355,6842
TGAGCGGAAAGTGTTC-1,1,55,65,8475,6774
CTTTCTGTGCGGGCTT-1,1,54,66,8355,6705
ATCTAATATCCTACGG-1,1,55,67,8475,6636
AACCTTTAAATACGGT-1,1,54,68,8356,6567
TTCACTCGAGCACCTA-1,1,55,69,8475,6499
CTGCACTCCAGTACAG-1,1,54,70,8356,6430
CCATTTCTACCTATTA-1,1,55,71,8476,6362
CAAGCGGCACATAATT-1,1,54,72,8357,6293
GTTAACATCACTTAAA-1,1,55,73,8476,6225
ATATAAATGTAGCTGC-1,1,54,74,8357,6156
GCCTCTATACATAGCA-1,1,55,75,8477,6087
GTGTCGTATAGCGTTC-1,1,54,76,8358,6018
ATACGTACTTAGCCAC-1,1,55,77,8477,5950
GCTATCATACTCATGG-1,1,54,78,8358,5881
TATCCAATTGGTTATC-1,1,55,79,8478,5813
TCTCCCTGGGCAGCGT-1,1,54,80,8359,5744
CCTATAATGAGTGCCC-1,1,55,81,8478,5676
CAATGCGAGAAGTATC-1,1,54,82,8359,5607
TACCAATAAAGTACCA-1,1,55,83,8479,5538
GCTAGGCACCACGGAG-1,1,54,84,8360,5469
GAGTCAGACCAGAATC-1,1,56,48,8590,7941
TAAGGCATAACATCAA-1,1,57,49,8710,7872
CTTCCGCTCCGTGAAG-1,1,56,50,8591,7803
GGGCTATGATCGATGG-1,1,57,51,8710,7735
GGTCGGTCGTCCACAG-1,1,56,52,8591,7666
GGGACCCGTATATCTT-1,1,57,53,8711,7598
GAAAGCAGTGCACTTT-1,1,56,54,8591,7529
AGCGCATAATGAATCG-1,1,57,55,8711,7461
GCTGCTAAGTAGTCGA-1,1,56,56,8592,7392
AATAGTCCGTCCCGAC-1,1,57,57,8712,7323
AGCAGCCAGATGAATA-1,1,56,58,8592,7254
CCTCGCGCTGTGCGAT-1,1,57,59,8712,7186
TTGTGTATGCCACCAA-1,1,56,60,8593,7117
TGCTCGGCGAAACCCA-1,1,57,61,8712,7049
CGATTAAATATCTCCT-1,1,56,62,8593,6980
TGCCGTGGATCGTCCT-1,1,57,63,8713,6912
GTGGACGCATTTGTCC-1,1,56,64,8594,6843
ACCCGGAAACTCCCAG-1,1,57,65,8713,6774
CCGCATGTGGTACGAT-1,1,56,66,8594,6705
GCAAACCTTGGCCATA-1,1,57,67,8714,6637
ATTCACTGATGTTGGA-1,1,56,68,8595,6568
ACTCCCTAATGCTAAA-1,1,57,69,8714,6500
TCCTAAATTGGGAAGC-1,1,56,70,8595,6431
GAACAGATTACTAAAT-1,1,57,71,8715,6363
ATACAGGCCCTCCAAT-1,1,56,72,8596,6294
CGATTCGCCTGGCTGC-1,1,57,73,8715,6225
TCCGCCTGTCTACAAG-1,1,56,74,8596,6156
CACATCTCACCGACGA-1,1,57,75,8716,6088
CGTCGTCCTTCGCGAA-1,1,56,76,8596,6019
CGTTGAATACCGCGCT-1,1,57,77,8716,5951
ACCAATATGCAAGTTA-1,1,56,78,8597,5882
ACGGATGGTGCGGATA-1,1,57,79,8717,5814
CACCCTAACAAGATCT-1,1,56,80,8597,5745
CCTTTAAGGGAGCACT-1,1,58,50,8829,7804
CGCCCAGCACGCCTAG-1,1,59,51,8949,7736
AGTATTTGGCACGACC-1,1,58,52,8830,7667
TATCCGCACCGTCGGG-1,1,59,53,8949,7599
ACCCGTGTCATCAGTA-1,1,58,54,8830,7530
CAACTGCTCATCCGAT-1,1,59,55,8950,7461
CCGGAGCGTACTTTCT-1,1,58,56,8831,7392
TACCGTAGGTTAACTA-1,1,59,57,8950,7324
TGAGGAGTGCCAGCTT-1,1,58,58,8831,7255
CCAGTCTTGTCATAGA-1,1,59,59,8951,7187
GGGCAGAGCAATCGTT-1,1,58,60,8832,7118
TACCAAATAGCCCAGA-1,1,59,61,8951,7050
TACCTACTCCCAGTAT-1,1,58,62,8832,6981
TGTGAGACTAGCCCAA-1,1,59,63,8952,6912
ATACCTAACCAAGAAA-1,1,58,64,8833,6843
GTCGGGAAGCAGAAAC-1,1,59,65,8952,6775
AATTAACGGATTTCCA-1,1,58,66,8833,6706
GAACCCTCTGTGTTCT-1,1,59,67,8953,6638
ATATAAAGCGCTCGTG-1,1,58,68,8833,6569
CCTGGTCGAATGTGGG-1,1,59,69,8953,6501
CTAGGTTCGGACGTGA-1,1,58,70,8834,6432
TCGGGAGACAGCGTAC-1,1,59,71,8954,6363
CATAAGAAGCTTGGCT-1,1,58,72,8834,6294
AAGCACCCTGCGTATC-1,1,59,73,8954,6226
AGTTTGCACCTGCCTC-1,1,58,74,8835,6157
GACTGCAAATCGAGCT-1,1,59,75,8954,6089
GTGTATATCAGCGGGC-1,1,58,76,8835,6020
ACTTACGCATCCACGC-1,1,58,78,8836,5883
GAAACCTATACAAATG-1,1,60,52,9069,7668
TCCACCTCTAGCCTTT-1,1,61,53,9188,7599
AAGACCCAACTGAACA-1,1,60,54,9069,7530
CATACACGGTTCCCAC-1,1,61,55,9189,7462
ACTACGCGTTAGAATT-1,1,60,56,9070,7393
CTTGGCCAAGCTGGGA-1,1,61,57,9189,7325
TTACCCTAGGGATTGG-1,1,60,58,9070,7256
TTCGCACTGTACGACA-1,1,61,59,9190,7188
TAGGTGTTCCACAGAT-1,1,60,60,9070,7119
GAAGCCTGCACATTCC-1,1,61,61,9190,7050
GGCTTTCAATAAGGGT-1,1,60,62,9071,6981
TCCAGGGTATATACGA-1,1,61,63,9191,6913
CTCGCCGAATGTAGGG-1,1,60,64,9071,6844
AGGAAGCTGTCCGCCG-1,1,61,65,9191,6776
GTCTCAAGGCCCGGCT-1,1,60,66,9072,6707
ACCGACACATCTCCCA-1,1,61,67,9191,6639
TATACGCGTCATCACT-1,1,60,68,9072,6570
TCAAATTTGAGACTCA-1,1,60,70,9073,6432
AGCAAAGGCCGCTAGT-1,1,60,72,9073,6295
AAAGGCTACGGACCAT-1,1,62,54,9308,7531
GATCTGCTATCTAAGG-1,1,62,56,9308,7394
GCTCAATGTAATACCG-1,1,62,58,9309,7257
CACAGGGCCGTTGTCA-1,1,62,60,9309,7120
